name1,name2
"(+-)-2-ethoxy-2,3-dihydro-3,3-dimethylbenzofuran-5-yl methanesufonate",Ethofumesate
"(+-)-cis-4-[3-(4-tert-butylphenyl)-2-methylpropyl]-2,6-dimethylmorpholine",Fenpropimorph
"(2,4-dichlorophenoxy)acetic acid","2,4-D"
"(3,5,6-Trichloro-2-pyridinyl)oxyacetic acid",Triclopyr
(4-chloro-2-methylphenoxy)acetic acid,MCPA
"(5-cyclopropyl-1,2-oxazol-4-yl)(α,α,α-trifluoro-2-mesyl-p-tolyl)methanone",Isoxaflutole
"(E,Z 4-[3-(4-chlorophenyl)-3-(3,4-dimethoxyphenyl)acryloyl]morpholine",Dimethomorph
(R)-1-(ethylcarbamoyl)ethyl carbanilate,Carbetamide
"(R)-2-(2,4-dichlorophenoxy)propionic acid",Dichlorprop-P
(R)-2-(4-chloro-o-tolyloxy)propionic acid,Mecoprop-P
(R)-2-[4-(6-chloroquinoxalin-2-yloxy)phenoxy]propionic acid,Quizalofop-P
"(R)-2-{(2,6-dimethylphenylmethoxy)acetylamino}-propionic acid methyl ester",Metalaxyl-M
"(RS)-1-(2,4-dichlorophenyl)-5-methyl-2-pyrazoline-3,5-dicarboxylic acid",Mefenpyr
(RS)-1-[3-(4-tert-butylphenyl)-2-methylpropyl]piperidine,Fenpropidin
"(RS)-2-(2,4-dichlorophenyl)-1-(1H-1,2,4-triazol-1-yl)hexan-2-ol",Hexaconazole
(RS)-2-(4-chloro-o-tolyloxy)propionic acid,Mecoprop
(RS)-2-(4-isopropyl-4-methyl-5-oxo-2-imidazolin-2-yl)nicotinic acid,Imazapyr
"(RS)-2-[4-(6-chloro-1,3-benzoxazol-2-yloxy)phenoxy]propionic acid",Fenoxaprop
"(RS)-3-(3,5-dichlorophenyl)-5-methyl-5-vinyl-1,3-oxazolidine-2,4-dione",Vinclozolin
"(RS)-4-(4-chlorophenyl)-2-phenyl-2-(1H-1,2,4-triazol-1-ylmethyl)butyronitrile",Fenbuconazole
(RS)-5-ethyl-2-(4-isopropyl-4-methyl-5-oxo-2-imidazolin-2-yl)nicotinic acid,Imazethapyr
"(RS)-N,N-diethyl-2-(1-naphthyloxy)propionamide",Napropamide
(RS)-[O-(2-tert-butylpyrimidin-5-yl) O-ethyl O-isopropyl phosphorothioate],Tebupirimphos
"(RS)-α-cyano-3-phenoxybenzyl N-(2-chloro-α,α,α-trifluoro-p-tolyl)-D-valinate",tau-Fluvalinate
(S)-α-cyano-3-phenoxybenzyl (S)-2-(4-chlorophenyl)-3-methylbutyrate,Esfenvalerate
"1,1,1-Trichlorethan","Ethane, 1,1,1-trichloro-, HCFC-140"
"1,1,1-Trichloroethane","Ethane, 1,1,1-trichloro-, HCFC-140"
Bromochlorodifluoromethane,"Methane, bromochlorodifluoro-, Halon 1211"
Bromotrifluoromethane,"Methane, bromotrifluoro-, Halon 1301"
Bromomethane,"Methane, bromo-, Halon 1001"
Halothane,"Methane, bromo-chloro-trifluoro-, Halothane"
Dichlorodifluoromethane,"Methane, dichlorodifluoro-, CFC-12"
Trichlorofluoromethane,"Methane, trichlorofluoro-, CFC-11"
Tetrachloromethane,"Methane, tetrachloro-, CFC-10"
Chlorodifluoromethane,"Methane, chlorodifluoro-, HCFC-22"
Dichlorofluoromethane,"Methane, dichlorofluoro-, HCFC-21"
Chloromethane,"Methane, monochloro-, R-40"
Dibromomethane,"Methane, dibromo-"
Dibromofluoromethane,"Methane, bromodifluoro-, Halon 1201"
Dibromodifluoromethane,"Methane, dibromodifluoro-, Halon 1202"
"1,1,2-Trichlorethan","Ethane, 1,1,2-trichloro-"
"1,1-bis-(chlorophenyl)-2,2,2-trichloroethanol",Dicofol
"1,1-dimethylpiperidinium chloride",Mepiquat chloride
"1,1´-ethylene-2.2´bipyridyldiylium",Diquat
"1,1′-dimethyl-4,4′-bipyridinium",Paraquat
"1,2,3,4,5,6-hexachlorocyclohexane (gamma isomer)",Lindane
"1,2-Benzacenaphthene",Fluoranthene
"1,3-butadiene",Butadiene
"1,4,5,6,7,7-hexachloro-8,9,10-trinorborn-5-en-2,3-ylenebismethylene sulfite",Endosulfan
"1,4-Butanediol",Butylene glycol
"1,4-bis(1-formamido-2,2,2-trichloroethyl)piperazine",Triforine
"1-(((2,4-dichlorophenyl)amino)carbonyl)cyclopropanecarboxylic acid",Cyclanilide
"1-(1,3-benzothiazol-2-yl)-1,3-dimethylurea",Methabenzthiazuron
1-(2-cyano-2-methoxyiminoacetyl)-3-ethylurea,Cymoxanil
"1-(3,5-dichloro-2,4-difluorophenyl)-3-(2,6-difluorobenzoyl)urea",Teflubenzuron
"1-(4,6-dimethoxypyrimidin-2-yl)-3-(3-ethylsulfonyl-2-pyridylsulfonyl)urea",Rimsulfuron
"1-(4,6-dimethoxypyrimidin-2-yl)-3-mesyl(methyl)sulfamoylurea",Amidosulfuron
"1-(4-chlorophenyl)-3-(2,6-difluorobenzoyl)urea",Diflubenzuron
1-Butanol,Butanol
1-Butene,Butene
1-Pentanol,amyl alcohol
1-Pentene,amylene
1-Propanol,Propanol
"1-[[4-Bromo-2-(2,4-dichlorophenyl)tetrahydro-2-furanyl]methyl]-1,2,4-triazole",Bromuconazole
"1-aminopropane, n-Propylamine",Propylamine
"1-chloro-2-methylbenzene, o-chlorotoluene, o-tolyl chloride","Toluene, 2-chloro"
1-naphthol methylcarbamate,Carbaryl
"2',4'-difluoro-2-(alpha,alpha,alpha-trifluoro-m-tolyloxy)nicotinanilide",Diflufenican
"2,2,4-Trimethyl pentane","Pentane, 2,2,4-trimethyl-"
"2,3-Dihydro-5,6-dimethyl-1,4-dithiin 1,1,4,4-tetraoxide",Dimethipin
"2,3-dihydro-2,2-dimethylbenzofuran-7-yl methylcarbamate",Carbofuran
"2,4-D amines","2,4-D dimethylamine salt"
"2,4-D amines","2,4-D, dimethylamine salt"
"2,4-D ester","2,4-D polypropoxybutyl ester"
"2,4-D, dimethylamine salt",Dimethylamine
"2,4-DB","Butyric acid, 4-(2,4-dichlorophenoxy)-"
"2,4-Dinitro-o-kresol",DNOC
"2,6-dichlorobenzonitrile",Dichlobenil
"2-(2-chlorobenzyl)-4,4-dimethyl-1,2-oxazolidin-3-one",Clomazone
"2-(4,6-dimethoxypyrimidin-2-ylcarbamoylsulfamoyl)-N,N-dimethylnicotinamide",Nicosulfuron
"2-(4-mesyl-2-nitrobenzoyl)cyclohexane-1,3-dione",Mesotrione
2-Aminopropanol,L-alalinol
2-Butene,Butene
"2-Butene, 2-methyl-",2-Methyl-2-butene
2-Chlorsulfuron,Chlorsulfuron
2-Methyl pentane,Isohexane
2-Methyl pentane,"Pentane, 2-methyl-"
2-Methyl-1-propanol,"Isobutanol, Isobutyl alcohol"
2-Methyl-2-butene,n-Amylene
2-Methyl-4-chlorophenoxyacetic acid,MCPA
2-Nitrobenzoic acid,"o-nitrobenzoic acid, ortho-nitrobenzoic acid"
2-Phenylpropane,Cumene
2-Propanol,"Isopropanol, Isopropyl alcohol"
2-Pyrrolidon-3-chloro-4-chloromethyl-1-(3-trifluoromethylphenyl),Fluorochloridone
"2-[4,6-bis(difluoromethoxy)pyrimidin-2-ylcarbamoylsulfamoyl]benzoic acid",Primisulfuron
"2-[4-methoxy-6-methyl-1,3,5-triazin-2-yl(methyl)carbamoylsulfamoyl]benzoic acid",Tribenuron
2-[[4-chloro-6-(ethylamino)-s-triazin-2-yl]amino]-2-methylpropionitrile,Cyanazine
"2-aminobenzoic acid, anthranilate, vitamin L1",Anthranilic acid
2-chloro-6'-ethyl-N-(2-methoxy-1-methylethyl)aceto-o-toluidide,Metolachlor
2-chloro-6-nitro-3-phenoxyaniline,Aclonifen
"2-chloro-N-(2,6-diethylphenyl)-N-(methoxymethyl)acetamide",Alachlor
"2-chloro-N-(2-methoxyethyl)acet-2′,6′-xylidide",Dimethachlor
"2-chloro-N-(pyrazol-1-ylmethyl)acet-2´,6´-xylidide",Metazachlor
"2-chloro-α,α,α-trifluoro-p-tolyl 3-ethoxy-4-nitrophenyl ether",Oxyfluorfen
2-chloroethylphosphonic acid,Ethephon
2-chloroethyltrimethylammonium,Chlormequat
"2-dimethylamino-5,6-dimethylpyrimidin-4-yl dimethylcarbamate",Pirimicarb
2-hydroxyethyltrimethylammoniumchlorid,Chlormequat chloride
2-hydroxypropanoic acid,Lactic acid
"2-methoxy-N-(2-oxo-1,3-oxazolidin-3-yl)aceto-2',6'-xylidide",Oxadixyl
"2-methylbuta-1,3-diene",Isoprene
2-propylamine,Isopropylamine
"2-sec-butyl-4,6-dinitrophenol",Dinoseb
"2′,6′-difluoro-5-methyl[1,2,4]triazolo[1,5-a]pyrimidine-2-sulfonanilide",Flumetsulam
"3,5-dibromo-4-hydroxybenzonitrile",Bromoxynil
"3,6-Dichloro-2-pyridinecarboxylic acid",Clopyralid
"3,6-dichloro-o-anisic acid",Dicamba
"3-(-3-chloro-p-tolyl)-1,1-dimethylurea",Chlorotoluron
"3-(2,4-dichlorophenyl)-6-fluoro-2-(1H-1,2,4-triazol-1-yl)quinazolin-4(3H)-one",Fluquinconazole
"3-(3,4-dichlorophenyl)-1-methoxy-1-methylurea",Linuron
"3-(3,5-dichlorophenyl)-N-isopropyl-2,4-dioxoimidazolidine-1-carboxamide",Iprodion
3-(4-chlorophenyl)-1-methoxy-1-methylurea,Monolinuron
"3-(4-isopropylphenyl)-1,1-dimethylurea",Isoproturon
3-Methyl-1-butanol,Isopentyl alcohol
3-Methyl-1-butanol,isoamyl alcohol
3-Methyl-1-butanol,"isoamyl alcohol, Isopentyl alcohol"
"3-isopropyl-1H-2,1,3-benzothiadiazin-4(3H)-one 2,2-dioxide",Bentazone
"4,6-dimethyl-N-phenylpyrimidin-2-amine",Pyrimethanil
"4-(2,3-dichlorophenyl)pyrrole-3-carbonitrile",Fenpiclonil
4-(4-chloro-o-tolyloxy)butyric acid,MCPB
"4-Chlorobenzyl N,N-diethylthiocarbamate",Thiobencarb
4-Methyl-2-pentanol,"Methyl isobutyl carbinol, Methylamyl alcohol"
4-Methyl-2-pentanone,"Methyl isobutyl ketone, MIBK"
4-[hydroxy(methyl)phosphinoyl]-DL-homoalanine,Glufosinate
"4-alkyl-2,6-dimethylmorpholine",Tridemorph
"4-amino-3,5,6-trichloropyridine-2-carboxylic acid",Picloram
"4-amino-3,5-dichloro-6-fluoro-2-pyridyloxyacetic acid",Fluroxypyr
"4-amino-4,5-dihydro-3-methyl-6-phenyl-1,2,4-triazin-5-one",Metamitron
"4-amino-6-tert-butyl-4,5-dihydro-3-methylthio-1,2,4-triazin-5-one",Metribuzin
4-chloro-2-oxobenzothiazolin-3-ylacetic acid,Benazolin
4-cyclopropyl-6-methyl-N-phenylpyrimidin-2-amine,Cyprodinil
"4-hydroxy-3,5-di-iodobenzonitrile",Ioxynil
"4-iodo-2-[3-(4-methoxy-6-methyl-1,3,5-triazin-2-yl)ureidosulfonyl]benzoic acid",Iodosulfuron
"4-methylthio-3,5-xylyl methylcarbamate",Methiocarb
"5,10-dihydro-5,10-dioxonaphtho[2,3-b]-1,4-dithiine-2,3-dicarbonitrile",Dithianon
"5,7-dichloro-4-quinolyl 4-fluorophenyl ether",Quinoxyfen
"5-(2-chloro-α,α,α-trifluoro-p-tolyloxy)-N-mesyl-2-nitrobenzamide",Fomesafen
5-amino-4-chloro-2-phenylpyridazin-3(2H)-one,Chloridazon
5-chlor-8-chinolinoxy-essigsäure-1-methylhexylester,Cloquintocet-mexyl
"6-chloro-N2,N4-diethyl-1,3,5-triazine-2,4-diamine",Simazine
7-chloro-3-methylquinoline-8-carboxylic acid,Quinmerac
"7-oxabicyclo[2.2.1]heptane-2,3-Dicarboxylic acid",Endothall
"8-Quinolinecarboxylic aicd, 3,7-dichloro-",Quinclorac
"8-tert-butyl-1,4-dioxaspiro[4.5]decan-2-ylmethyl(ethyl)(propyl)amine",Spiroxamine
"9,10-dihydro-9,10-dioxoanthracene",Anthraquinone
9H-Fluorene,Fluorene
Abamectin,Zephyr
Acephate,Ortho 12420
"Acetic acid, trifluoro-",TFA
"Acetic acid, trifluoro-",Trifluoressigsaeure
Acetonitrile,"methyl cyanide, cyanomethane"
Acetyl chloride,ethanoyl chloride
"Acidity, unspecified","Acids, unspecified"
"Ackerbau, nicht bewässert","Occupation, annual crop, non-irrigated"
Acrylate,"Acrylate, ion"
"Acrylate, ion",Acrylic acid
Actinium,"Actinium, in ground"
Aldicarb,UC21149
Aldrin,Aldrosol
Aluminium,"Aluminium, in ground"
Ametryn,Evik
Amitraz,Triazid
Ammonium sulfate,Diammonium sulfate
Angebaute Brachen in Fruchtfolgen,"Occupation, cropland fallow (non-use)"
Anhydrite,"Anhydrite, in ground"
"Anhydrite, in ground",Calciumsulfat
Anthracen,Anthracene
Anthracene,Anthracin
Anthracene,Paranaphthalene
Antimony,"Antimony, in ground"
"Antimony, in ground",Stibnite
Argon,Argon-40
Argon-40,Argon-40/kg
Arsane,Arsine
Arsenic,"Arsenic, in ground"
Arsenic,"Arsenic, ion"
Arsenwasserstoff,Arsine
Arsine,Monoarsan
Asbest,"Chrysotile, in ground"
Assure,Quizalofop ethyl ester
Asulam,methyl 4-aminophenylsulfonylcarbamate
Axole,Furan
Azinphos-methyl,GUTHION (AZINPHOS-METHYL)
Azoxystrobin,methyl (E)-2-{2-[6-(2-cyanophenoxy)pyrimidin-4-yloxy]phenyl}-3-methoxyacrylate
BAS-517-H,Cycloxydim
BOD5 (Biological Oxygen Demand),"BOD5, Biological Oxygen Demand"
BOU,Sulfuric acid
BaP,Benzo(a)pyrene
Barium,"Barium, in ground"
Basalt,"Basalt, in ground"
Baycor,Bitertanol
Benfluralin,Benthrodine
Benomyl,methyl 1-(butylcarbamoyl)benzimidazol-2-ylcarbamate
Bensulfuron Me,Bensulfuron methyl ester
Benz(a)anthracene,Benzo(a)anthracene
Benz(a)anthracene,Tetraphene
Benzene,"BTEX (Benzene, Toluene, Ethylbenzene, and Xylene), unspecified ratio"
"Benzene, 1,2-dichloro-","Benzene, dichloro"
"Benzene, 1,2-dichloro-",o-Dichlorobenzene
"Benzene, 1-methyl-2-nitro-",o-Nitrotoluene
"Benzene, ethyl-",Ethylbenzol
"Benzene, hexachloro-",HCB
"Benzene, hexachloro-",Hexachlorbenzol
"Benzene, pentachloro-",Pentachlorbenzol
"Benzene, pentachloronitro-",Quintozene
Benzo(a)phenanthrene,Chrysene
Benzo(b)fluoranthene,"Benzo(b,j,k)fluoranthene"
"Benzo(g,h,i)perylene",Benzo(ghi)perylene
Beryllium,"Beryllium, in ground"
Beta-cyfluthrin,Cyfluthrin
Beta-methylbivinyl,Isoprene
Biethylene,Butadiene
Bifenox,"methyl 5-(2,4-dichlorophenoxy)-2-nitrobenzoate"
Bifenthrin,PSM
"Bis(1-methylethyl)carbamothioic acid S-(2,3,3-trichloro-2-propenyl)ester",Tri-allate
Bis-(N-cyclohexyldiazeniumdioxy)-copper,Cu-HDO
Bismuth,"Bismuth, in ground"
Borate,borate ion
Borax,"Borax, in ground"
Boron,"Boron, in ground"
Botrilex,Quintozene
Bromacil,Urox B
Bromchlorphos,Naled
Bromopropylate,"Isopropyl 4,4'dibromobenzilate"
"Buta-1,3-diene",Butadiene
Butadiene,Pyrrolylene
Butyl Benzyl Phtalat,"Phthalate, butyl-benzyl-"
CAS also 7789-75-5,"Fluorspar, 92%, in ground"
"CL 35,024",Phorate
COD (Chemical Oxygen Demand),"COD, Chemical Oxygen Demand"
Cadmium,"Cadmium, in ground"
Cadmium,"Cadmium, ion"
"Caesium, in ground",Cesium
Calcite,"Calcite, in ground"
Calcium,"Calcium, in ground"
Calcium,"Calcium, ion"
Calcium carbonate,"Calcium, in ground"
Calcium chloride,"Calcium, in ground"
Calcium sulfate dihydrate,"Gypsum, in ground"
Caparol,Prometryn
Captan,"N-(trichloromethylthio)cyclohex-4-ene-1,2-dicarboximide"
"Carbamic acid, (3,4-diethoxyphenyl)-, 1-methylethyl ester",Diethofencarb
"Carbamic acid, [(dibutylamino)thio]methyl-, 2,3-dihydro-2,2-dimethyl-7-benzofuranyl ester",Carbosulfan
Carbaryl,Sevin
Carbatene,Metiram
Carbendazim,methyl benzimidazol-2-ylcarbamate
Carbon,Elemental carbon
Carbon dioxide,"Carbon dioxide, fossil"
"Carbon dioxide, biogenic","Carbon dioxide, non-fossil"
"Carbon dioxide, from soil or biomass stock","Carbon dioxide, land transformation"
"Carbon dioxide, from soil or biomass stock","Carbon dioxide, peat oxidation"
Carbon disulfide,Dithiocarbonic Anhydride
Carbon disulfide,dithiocarbonic anhydride
Carbon disulfide,sulfocarbonic anhydride
Carbon monoxide,"Carbon monoxide, fossil"
"Carbon monoxide, biogenic","Carbon monoxide, non-fossil"
"Carbon monoxide, from soil or biomass stock","Carbon monoxide, land transformation"
Carbon trioxide,Carbonate
Carbonate,Carbonate ion
"Carboxanilido-2,3-dihydro-6-methyl-1,4-oxathiin",Carboxin
Carfentrazone ethyl ester,Carfentrazone-ethyl
Cerium,"Cerium, in ground"
Chloride,"Chloride, ion"
Chlorimuron-ethyl,ethyl 2-(4-chloro-6-methoxypyrimidin-2-ylcarbamoylsulfamoyl)benzoate
Chloroacetyl chloride,"monochloroacetyl chloride, chloracetic chloride"
Chloroform,Trichlormethan
Chlorosulfonic acid,"chlorosulphuric acid, chloridosulfonic acid, sulfuric chlorohydrin"
Chlorothalonil,tetrachloroisophthalonitrile
Chlorotoluron,Chlortoluron
Chromium,Chromium III
Chromium,"Chromium, in ground"
Chromium,"Chromium, ion"
Chromium III,"Chromium, ion"
Chrysotile,"Chrysotile, in ground"
Cinnabar,"Cinnabar, in ground"
"Clay, bentonite","Clay, bentonite, in ground"
"Clay, unspecified","Clay, unspecified, in ground"
Clean Crop MSMA 6 Plus,MSMA
Clodinafop-propargyl,prop-2-ynyl (R)-2-[4-(5-chloro-3-fluoropyridin-2-yloxy)phenoxypropionate
"Coal, 26.4 MJ per kg","Coal, hard, unspecified, in ground"
"Coal, 29.3 MJ per kg","Coal, hard, unspecified, in ground"
"Coal, brown","Coal, brown, in ground"
Cobalt,"Cobalt, in ground"
"Cobalt, Co 5.0E-2%, in mixed ore","Cobalt, Co 5.0E-2%, in mixed ore, in ground"
Cobra 2E,Lactofen
Colemanite,"Colemanite, in ground"
Comite,Propargite
Copper,"Copper, in ground"
Copper,"Copper, ion"
"Copper, 0.52% in sulfide, Cu 0.27% and Mo 8.2E-3% in crude ore","Copper, 0.52% in sulfide, Cu 0.27% and Mo 8.2E-3% in crude ore, in ground"
"Copper, 0.59% in sulfide, Cu 0.22% and Mo 8.2E-3% in crude ore","Copper, 0.59% in sulfide, Cu 0.22% and Mo 8.2E-3% in crude ore, in ground"
"Copper, 0.97% in sulfide, Cu 0.36% and Mo 4.1E-2% in crude ore","Copper, 0.97% in sulfide, Cu 0.36% and Mo 4.1E-2% in crude ore, in ground"
"Copper, 0.99% in sulfide, Cu 0.36% and Mo 8.2E-3% in crude ore","Copper, 0.99% in sulfide, Cu 0.36% and Mo 8.2E-3% in crude ore, in ground"
"Copper, 1.13% in sulfide, Cu 0.76% and Ni 0.76% in crude ore","Copper, 1.13% in sulfide, Cu 0.76% and Ni 0.76% in crude ore, in ground"
"Copper, 1.18% in sulfide, Cu 0.39% and Mo 8.2E-3% in crude ore","Copper, 1.18% in sulfide, Cu 0.39% and Mo 8.2E-3% in crude ore, in ground"
"Copper, 1.42% in sulfide, Cu 0.81% and Mo 8.2E-3% in crude ore","Copper, 1.42% in sulfide, Cu 0.81% and Mo 8.2E-3% in crude ore, in ground"
"Copper, 2.19% in sulfide, Cu 1.83% and Mo 8.2E-3% in crude ore","Copper, 2.19% in sulfide, Cu 1.83% and Mo 8.2E-3% in crude ore, in ground"
"Copper, Cu 0.2%, in mixed ore","Copper, Cu 0.2%, in mixed ore, in ground"
"Copper, Cu 6.8E-1%, in mixed ore","Copper, Cu 6.8E-1%, in mixed ore, in ground"
Cumene,Cumol
Cumene,methyl ethyl benzene
Curacron,Profenofos
CxHy aromatic,Cyclohexane
Cyanoacetic acid,Malonic mononitrile
Cypermethrin,PSM
Cyproconazole,PSM
DPX-Y6202-31,Quizalofop-p-ethyl
Dauerkultur ohne nähere Angaben,"Occupation, permanent crop"
Deltamethrin,PSM
Desmedipham,ethyl 3-phenylcarbamoyloxyphenylcarbamate
"Diaminomethanal, Carbamide",Urea
Diatomite,"Diatomite, in ground"
"Diatomite, in ground",Kieselgur
Diazinon,Dimpylatum
Dibutyl p-phthalat,"Phthalate, dibutyl-"
Dichlormonofluormethan,"Methane, dichlorofluoro-, HCFC-21"
Diclofop,HOE-021079
Dicrotophos,Phosphoric acid (E)-3-(dimethylamino)-1-methyl-3-oxo-1-propenyl dimethyl ester
Difenoconazole,PSM
Diflufenzopyr-sodium,"sodium 2-{(EZ)-1-[4-(3,5-difluorophenyl)semicarbazono]ethyl}nicotinate"
Dimefuron,PSM
Dimethenamid,PSM
Dimethoate,"O,O-dimethyl S-methylcarbamoylmethyl phosphorodithioate"
Dimethyl malonate,"malonic acid dimethyl ester, propanedioic acid dimethyl ester"
Dimethyl p-phthalat,"Phthalate, dimethyl-"
Dinate,DSMA
Dinitrogen monoxide,Stickstoffdioxid
"Dioxin, 2,3,7,8 Tetrachlorodibenzo-p-","Dioxins, measured as 2,3,7,8-tetrachlorodibenzo-p-dioxin"
Dipropylthiocarbamic acid S-ethyl ester,EPTC
"Discarded fish, demersal","Discarded fish, demersal, to ocean"
"Discarded fish, pelagic","Discarded fish, pelagic, to ocean"
Disodium acid methane arsenate,DSMA
Disulfoton,"O,O-diethyl S-(2-(ethylthio)ethyl) phosphorodithioate"
Dithianon,Dithianone
Diurex,Diuron
Dodecanoic acid,Lauric acid
Dolomite,"Dolomite, in ground"
"Dolomite, in ground",kristallines Calciummagnesiumcarbonat
Dropp,Thidiazuron
Dysprosium,"Dysprosium, in ground"
EPTC,"N,N-dipropylthiocarbamic acid s ethyl ester"
Elemental carbon,"TOC, Total Organic Carbon"
Epoxiconazole,PSM
Erbium,"Erbium, in ground"
Ethalfluralin,Ethalfuralin
Ethane thiol,Ethyl hydrosulfide
Ethane thiol,Ethyl mercaptan
Ethane thiol,Ethyl sulfhydrate
Ethane thiol,Mercaptoethane
"Ethane, 1,1,1,2-tetrafluoro-, HFC-134a",R134a
"Ethane, 1,1,1-trifluoro-, HFC-143a","Ethane, 1,1,2-trifluoro-, HFC-143"
"Ethane, 1,1,1-trifluoro-, HFC-143a",R143a
"Ethane, 1,1,2-trichloro-1,2,2-trifluoro-, CFC-113",R113
"Ethane, 1,1-dichloro-1-fluoro-, HCFC-141b",R141b
"Ethane, 1,1-difluoro-, HFC-152a",R152a
"Ethane, 1,2-dichloro-",Ethylendichlorid
"Ethane, 1,2-dichloro-",Ethylene dichloride
"Ethane, 1,2-dichloro-1,1,2,2-tetrafluoro-, CFC-114",R114
"Ethane, 1-chloro-1,1-difluoro-, HCFC-142b",R142b
"Ethane, 2,2-dichloro-1,1,1-trifluoro-, HCFC-123",R123
"Ethane, 2-chloro-1,1,1,2-tetrafluoro-, HCFC-124",R124
"Ethane, chloro-",Monochloroethane
"Ethane, chloropentafluoro-, CFC-115",R115
"Ethane, hexafluoro-, HFC-116",R116
"Ethane, pentafluoro-, HFC-125",R125
"Ethaneamine, Monoethylamine, Aminoethane, 1-Aminoethane",Ethylamine
"Ethanol, 2-ethoxy-",Ethylene glycol monoethyl ether
"Ethene, chloro-",PVC
"Ethene, tetrachloro-",Perchlorethylen
"Ethene, trichloro-",Trichlorethylen
Ethoprop,"O-ethyl S,S-dipropyl dithiophosphate"
Etridiazole,Tuban
Europium,"Europium, in ground"
Extensive landwirtschaftliche Nutzung von Grasland mit wenig oder keiner Düngung,"Occupation, pasture, man made, extensive"
Extensiver Obstbau,"Occupation, permanent crop, irrigated, extensive"
Extensiver Weinbau,"Occupation, permanent crop, non-irrigated, extensive"
Feldspar,"Feldspar, in ground"
Fenhexamid,"N-(2,3-dichloro-4-hydroxyphenyl)-1-methylcyclohexane-1-carboxamide"
Fenoxaprop-P ethyl ester,Fenoxaprop-p-ethyl
Fentin acetate,triphenyltin acetate
Floransulam,Florasulam
Fluazinam,PSM
Fludioxonil,"Pyrrole-3-carbonitrile, 4-(2,2-difluoro-1,3-benzodioxol-4-yl)-"
Fluometuron,herbicide c-2059
Fluorine,"Fluorine, in ground"
"Fluorine, 4.5% in apatite, 3% in crude ore","Fluorine, 4.5% in apatite, 3% in crude ore, in ground"
Fluorochloridone,Flurochloridone
Fluoroglycofen-ethyl,PSM
Fluorspar,"Fluorspar, in ground"
Flutolanil,N-(3-(1-methylethoxy)phenyl)-2-(trifluoromethyl)benzamide
Formamide,"methanamide, carbamaldehyde"
Formate,"formate ion, methanoate ion"
Fosetyl-Al,Fosetyl-aluminium
Freon 10,"Methane, tetrachloro-, R-10"
Fuberidazole,VII/177
Fungaflor,Imazalil
Furan,Oxacyclopentadiene
Furan,furfuran
Für Deponierung von Bohrschlämmen,"Occupation, seabed, drilling and mining"
Gadolinium,"Gadolinium, in ground"
Gallium,"Gallium, in ground"
Gangue,"Gangue, in ground"
"Gangue, bauxite","Gangue, bauxite, in ground"
Germane,"Germanium, in ground"
Germanium,"Germanium, in ground"
Glimmer,"Vermiculite, in ground"
Glufosinate ammonium,Monoammonium 2-amino-4(hydroxymethylphosphinyl)butanoate
Glyphosate,N-(phosphonomethyl)glycine
Gold,"Gold, in ground"
"Gold, Au 1.0E-7%, in mixed ore","Gold, Au 1.0E-7%, in mixed ore, in ground"
"Gold, Au 1.1E-4%, Ag 4.2E-3%, in ore","Gold, Au 1.1E-4%, Ag 4.2E-3%, in ore, in ground"
"Gold, Au 1.3E-4%, Ag 4.6E-5%, in ore","Gold, Au 1.3E-4%, Ag 4.6E-5%, in ore, in ground"
"Gold, Au 1.8E-4%, in mixed ore","Gold, Au 1.8E-4%, in mixed ore, in ground"
"Gold, Au 2.1E-4%, Ag 2.1E-4%, in ore","Gold, Au 2.1E-4%, Ag 2.1E-4%, in ore, in ground"
"Gold, Au 4.3E-4%, in ore","Gold, Au 4.3E-4%, in ore, in ground"
"Gold, Au 4.9E-5%, in ore","Gold, Au 4.9E-5%, in ore, in ground"
"Gold, Au 5.4E-4%, Ag 1.5E-5%, in ore","Gold, Au 5.4E-4%, Ag 1.5E-5%, in ore, in ground"
"Gold, Au 6.7E-4%, in ore","Gold, Au 6.7E-4%, in ore, in ground"
"Gold, Au 6.8E-4%, Ag 1.5E-4%, in ore","Gold, Au 6.8E-4%, Ag 1.5E-4%, in ore, in ground"
"Gold, Au 7.1E-4%, in ore","Gold, Au 7.1E-4%, in ore, in ground"
"Gold, Au 9.7E-5%, Ag 7.6E-5%, in ore","Gold, Au 9.7E-5%, Ag 7.6E-5%, in ore, in ground"
Granite,"Granite, in ground"
"Grasland mit häufiger Ernte, Düngung, etc.","Occupation, pasture, man made, intensive"
Grasland ohne nähere Informationen,"Occupation, pasture, man made"
Gravel,"Gravel, in ground"
"Gravel, in ground","Sand, gravel and stone, extracted for use"
Gypsum,"Gypsum, in ground"
Hafnium,"Hafnium, in ground"
Halosulfuron-methyl,NC-319
"Hecken, Uferzonen, Schonstreifen, Ruderal- und Sukzessionsfl., Seitenstreifen","Occupation, shrub land, sclerophyllous"
Hexamethyldisilizane,HMDS
Hexazinone,Velpar
Holmium,"Holmium, in ground"
Hydramethylnon,Wipeout
Hydrochloric acid,Hydrogen chloride
Hydrogen chloride,Salzsäure
Imidan,Phosmet
Indium,"Indium, in ground"
"Intensiver Obstbau, z.B. Kirschen, Kokosnüsse","Occupation, permanent crop, irrigated, intensive"
Intensiver Weinbau,"Occupation, permanent crop, non-irrigated, intensive"
Iprodion,Iprodione
Iridium,"Iridium, in ground"
Iron,"Iron, in ground"
Iron,"Iron, ion"
Iron II,"Iron, ion"
Isobutane,refrigerant R-600a
Isohexane,Methyl pentane
Isoprene,methyl bivinyl
Kali,"Sylvite, 25 % in sylvinite, in ground"
Kaolin ore,"Kaolinite, 24% in crude ore, in ground"
Kaolinite,"Kaolinite, in ground"
Kerb,Pronamide
Kieserite,"Kieserite, in ground"
Landwirtschaftliche Fläche mit signifikanten Anteilen natürlicher Vegetation,"Occupation, heterogeneous, agricultural"
Lanox,Methomyl
Lanox 216,Methomyl
Lanthanum,"Lanthanum, in ground"
Laterite,"Laterite, in ground"
Lead,"Lead, in ground"
"Lead, Pb 3.6E-1%, in mixed ore","Lead, Pb 3.6E-1%, in mixed ore, in ground"
Lead-210,Lead-210/kg
Lithium,"Lithium, in ground"
Lithium,"Lithium, ion"
Lutetium,"Lutetium, in ground"
Magnesite,"Magnesite, in ground"
Magnesium,"Magnesium, in ground"
Magnesium chloride,"Magnesium, in ground"
Mancozeb,manganese ethylenebis(dithiocarbamate) (polymeric) complex with zinc salt
Maneb,manganese ethylenebis(ditiocarbamate) (polymeric)
Manganese,"Manganese, in ground"
Maposol,Metam-sodium
Mercury,"Mercury, in ground"
Metalaxil,"methyl N-(methoxyacetyl)-N-(2,6-xylyl)-DL-alaninate"
Metaldehyde,Metaldehyde (tetramer)
Metaldehyde,"r-2,c-4,c-6,c-8-tetramethyl-1,3,5,7-tetroxocane"
Metam-sodium,Metam-sodium dihydrate
"Metamorphous rock, graphite containing","Metamorphous rock, graphite containing, in ground"
Metconazole,PSM
Methamidophos,Tahmabon
Methane,"Methane, fossil"
"Methane, biogenic","Methane, non-fossil"
"Methane, chloro-fluoro-, HCFC-31","Methane, chlorofluoro-, HCFC-31"
"Methane, dichloro-, HCC-30",methylenchlorid
"Methane, from soil or biomass stock","Methane, land transformation"
"Methane, from soil or biomass stock","Methane, peat oxidation"
"Methane, monochloro-, R-40",Methyl Chloride
"Methane, monochloro-, R-40",Monochloromethane
"Methane, tetrachloro-, CFC-10","Methane, tetrachloro-, R-10"
"Methane, tetrachloro-, R-10",Tetrachlormethan
"Methane, tetrafluoro-, CFC-14","Methane, tetrafluoro-, R-14"
"Methane, trichlorofluoro-, CFC-11",R11
"Methane, trifluoro-, HFC-23",R23
Methanesulfonic acid,"methylsulfonic acid, MSA"
Methomyl,Nu-bait II
Methyl acetate,methyl ethanoate
Methyl amine,Methylamine
Methyl parathion,"Parathion, methyl"
Metolachlor,"Metolachlor, (S)"
"Metolachlor, (S)",S-metolachlor
Metsulfuron-methyl,PSM
Molinate,Yulan
Molybdenum,"Molybdenum, in ground"
"Molybdenum, 0.010% in sulfide, Mo 8.2E-3% and Cu 1.83% in crude ore","Molybdenum, 0.010% in sulfide, Mo 8.2E-3% and Cu 1.83% in crude ore, in ground"
"Molybdenum, 0.014% in sulfide, Mo 8.2E-3% and Cu 0.81% in crude ore","Molybdenum, 0.014% in sulfide, Mo 8.2E-3% and Cu 0.81% in crude ore, in ground"
"Molybdenum, 0.016% in sulfide, Mo 8.2E-3% and Cu 0.27% in crude ore","Molybdenum, 0.016% in sulfide, Mo 8.2E-3% and Cu 0.27% in crude ore, in ground"
"Molybdenum, 0.022% in sulfide, Mo 8.2E-3% and Cu 0.22% in crude ore","Molybdenum, 0.022% in sulfide, Mo 8.2E-3% and Cu 0.22% in crude ore, in ground"
"Molybdenum, 0.022% in sulfide, Mo 8.2E-3% and Cu 0.36% in crude ore","Molybdenum, 0.022% in sulfide, Mo 8.2E-3% and Cu 0.36% in crude ore, in ground"
"Molybdenum, 0.025% in sulfide, Mo 8.2E-3% and Cu 0.39% in crude ore","Molybdenum, 0.025% in sulfide, Mo 8.2E-3% and Cu 0.39% in crude ore, in ground"
Monosodium acid methanearsonate,MSMA
"N',N'-dimethyl-N-[(methylcarbamoyl)oxy]-1-thiooxamimidic acid methyl ester",Oxamyl
"N,N-Dimethylmethanamine",Trimethylamine
N-(4-tert-Butylbenzyl)-4-chloro-3-ethyl-1-methylpyrazole-5-carboxamide,Tebufenpyrad
"N-allyl-4,5-dimethyl-2-(trimethylsilyl)thiophene-3-carboxamide",Silthiofam
N-benzyl-N-isopropylpivalamide,Tebutam
"N-propyl-N-[2-(2,4,6-trichlorophenoxy)ethyl]imidazole-1-carboxamide",Prochloraz
"N2-tert-butyl-6-chloro-N4-ethyl-1,3,5-triazine-2,4-diamine",Terbuthylazin
"NMVOC, non-methane volatile organic compounds, unspecified origin",not including single substances
Naphtalene,Naphthalene
"Naturbims, Bimsstein, Bimssand, Bimskies","Pumice, in ground"
Neodymium,"Neodymium, in ground"
Nickel,"Nickel, in ground"
Nickel,"Nickel, ion"
"Nickel, 1.13% in sulfide, Ni 0.76% and Cu 0.76% in crude ore","Nickel, 1.13% in sulfide, Ni 0.76% and Cu 0.76% in crude ore, in ground"
"Nickel, 1.98% in silicates, 1.04% in crude ore","Nickel, 1.98% in silicates, 1.04% in crude ore, in ground"
"Nickel, Ni 2.5E+0%, in mixed ore","Nickel, Ni 2.5E+0%, in mixed ore, in ground"
Niobium,"Niobium, in ground"
Nitrate,Nitrate compounds
Nitric oxide,Nitrogen monoxide
Nitric oxide,"Nitrogen monoxide, NA"
Nitrogen,"Nitrogen, atmospheric"
Nitrogen dioxide,Nitrogen(IV) oxide
Nitrogen fluoride,nitrogen trifluoride
Nitrogen fluoride,trifluoramine
Norflurazon,"Pyridazinone, 4-chloro-5-(methylamino)-2-(alpha,alpha,alpha-trifluoro-m-tolyl)-"
"Normale Bewirtschaftung in der Schweiz für Bau- und Konstruktionsholz, Palmen","Occupation, forest, intensive"
"O,O-diethyl O-4-nitrophenyl phosphorothioate",Parathion
O-(6-chloro-3-phenyl-4-pyridazinyl) S-octylcarbonothionate,Pyridate
"Oberirdische Deponien, z.B. Reaktor-, Inertstoff-, oder Reststoffdeponie","Occupation, dump site"
Obstanbau,"Occupation, permanent crop, irrigated"
"Occupation, annual crop, non-irrigated, extensive","Produktion von Getreide, Hackfrüchten, Gemüse, etc."
"Occupation, annual crop, non-irrigated, intensive","Produktion von Getreide, Hackfrüchten, Gemüse, etc."
"Occupation, forest, unspecified",Wald ohne nähere Angaben
"Occupation, permanent crop, non-irrigated",Weinbau
"Occupation, seabed, infrastructure","Pipelines, Bohrplattformen"
"Occupation, traffic area, rail network","Schiene, ohne Bahngebäude, Werkhallen, etc."
"Occupation, traffic area, rail/road embankment","Tankstellen, Gebäude für Unterhalt"
"Occupation, traffic area, road network","Strasse und Parkplätze, ohne Tankstellen, Gebäude für Unterhalt"
"Occupation, unspecified",Überhaupt keine Angaben zum Landnutzungstyp vorhanden
"Occupation, urban, continuously built","Städtische Siedlung, Bürogebäude"
"Occupation, urban, discontinuously built","Wohnsiedlungen, Bauernhöfe, Ställe, Treibhäuser, Silos"
"Oil, crude","Oil, crude, in ground"
Olivine,"Olivine, in ground"
Orbencarb,S-2-chlorobenzyl diethylthiocarbamate
Ortho phosphate defoliant,Tribufos
Oryzalin,Surflan
Osmium,"Osmium, in ground"
Oxydemeton methyl,Oxydemeton-methyl
Oxydemeton-methyl,"S-2-ethylsulfinylethyl O,O-dimethyl phosphorothioate"
PCB,Polychlorinated biphenyls
PCP,"Phenol, pentachloro-"
PSM,Starane
PSM,Tebuconazole
PSM,Thifensulfuron-methyl
PSM,Triasulfuron
PSM,Triflusulfuron-methyl
Palladium,"Palladium, in ground"
"Palladium, Pd 1.6E-6%, in mixed ore","Palladium, Pd 1.6E-6%, in mixed ore, in ground"
"Pd, Pd 2.0E-4%, Pt 4.8E-4%, Rh 2.4E-5%, Ni 3.7E-2%, Cu 5.2E-2% in ore, in ground",Platin ab Erz
"Pd, Pd 7.3E-4%, Pt 2.5E-4%, Rh 2.0E-5%, Ni 2.3E+0%, Cu 3.2E+0% in ore, in ground",Platin ab Erz
Peat,"Peat, in ground"
Pentachlorphenol,"Phenol, pentachloro-"
Perchlorate,"Perchlorate, ion"
Perlite,"Perlite, in ground"
Phenanthracene,Phenanthrene
Phenol,"Phenols, unspecified"
"Phenol, 2,4-dichloro","Phenol, 2,4-dichloro-"
Phosphine,phosphorated hydrogen
Phosphorus,"Phosphorus, in ground"
"Phosphorus, 18% in apatite, 4% in crude ore","Phosphorus, 18% in apatite, 4% in crude ore, in ground"
Piperonyl butoxide,pyrenone 606
Platin ab Erz,"Pt, Pt 2.5E-4%, Pd 7.3E-4%, Rh 2.0E-5%, Ni 2.3E+0%, Cu 3.2E+0% in ore, in ground"
Platin ab Erz,"Pt, Pt 4.8E-4%, Pd 2.0E-4%, Rh 2.4E-5%, Ni 3.7E-2%, Cu 5.2E-2% in ore, in ground"
Platinum,"Platinum, in ground"
"Platinum, Pt 4.7E-7%, in mixed ore","Platinum, Pt 4.7E-7%, in mixed ore, in ground"
Polonium,"Polonium, in ground"
Potassium,"Potassium, in ground"
Potassium,"Potassium, ion"
Potassium chloride,"Sylvite, in ground"
Praseodymium,"Praseodymium, in ground"
Procymidone,S-7131
Propamocarb HCl,propyl 3-(dimethylamino)propylcarbamate hydrochloride
Propanal,"propionaldehyde, methylacetaldehyde, propionic aldehyde, propaldehyde"
Propanil,Stam M-4
Propaquizafop,PSM
Propiconazole,PSM
Prosulfocarb,S-benzyl dipropylthiocarbamate
Protactinium,"Protactinium, in ground"
Pumice,"Pumice, in ground"
Pyraclostrobin,Pyraclostrobin (prop)
Pyrethrin,Pyrethrin II
Pyriproxyfen,S-9318
Pyrite,"Pyrite, in ground"
Pyrithiobac sodium salt,pyrithiobac-sodium
Pyrolusite,"Pyrolusite, in ground"
Quizalofop ethyl ester,Quizalofop-ethyl
RH-5992,Tebufenozide
Rabon,Tetrachlorvinphos ((Z)-isomer)
"Radioactive species, other beta emitters","Radioactive species, unspecified"
Radium,"Radium, in ground"
Radium-226,Radium-226/kg
Radium-228,Radium-228/kg
Rhenium,"Rhenium, in ground"
Rhodium,"Rhodium, in ground"
"Rhodium, Rh 1.6E-7%, in mixed ore","Rhodium, Rh 1.6E-7%, in mixed ore, in ground"
Rubidium,"Rubidium, in ground"
Ruthenium,"Ruthenium, in ground"
Samarium,"Samarium, in ground"
Scandium,"Scandium, in ground"
Scout-Xtra,Tralomethrin
Selenium,"Selenium, in ground"
Shale,"Shale, in ground"
Silicon,"Silicon, in ground"
Silver,"Silver, in ground"
Silver,"Silver, ion"
"Silver, 0.007% in sulfide, Ag 0.004%, Pb, Zn, Cd, In","Silver, 0.007% in sulfide, Ag 0.004%, Pb, Zn, Cd, In, in ground"
"Silver, 3.2ppm in sulfide, Ag 1.2ppm, Cu and Te, in crude ore","Silver, 3.2ppm in sulfide, Ag 1.2ppm, Cu and Te, in crude ore, in ground"
"Silver, Ag 1.5E-4%, Au 6.8E-4%, in ore","Silver, Ag 1.5E-4%, Au 6.8E-4%, in ore, in ground"
"Silver, Ag 1.5E-5%, Au 5.4E-4%, in ore","Silver, Ag 1.5E-5%, Au 5.4E-4%, in ore, in ground"
"Silver, Ag 1.8E-6%, in mixed ore","Silver, Ag 1.8E-6%, in mixed ore, in ground"
"Silver, Ag 2.1E-4%, Au 2.1E-4%, in ore","Silver, Ag 2.1E-4%, Au 2.1E-4%, in ore, in ground"
"Silver, Ag 4.2E-3%, Au 1.1E-4%, in ore","Silver, Ag 4.2E-3%, Au 1.1E-4%, in ore, in ground"
"Silver, Ag 4.6E-5%, Au 1.3E-4%, in ore","Silver, Ag 4.6E-5%, Au 1.3E-4%, in ore, in ground"
"Silver, Ag 5.4E-3%, in mixed ore","Silver, Ag 5.4E-3%, in mixed ore, in ground"
"Silver, Ag 7.6E-5%, Au 9.7E-5%, in ore","Silver, Ag 7.6E-5%, Au 9.7E-5%, in ore, in ground"
Sinbar,Terbacil
Sodium,"Sodium, in ground"
Sodium,"Sodium, ion"
Sodium chloride,"Sodium chloride, in ground"
Sodium nitrate,"Sodium nitrate, in ground"
Sodium tetrahydridoborate,Sodium tetrahydroborate
Spinosad,Spinosyn A
Splendor,Tralkoxydim
Spodumene,"Spodumene, in ground"
Steatite,"Steatite, in ground"
Stibnite,"Stibnite, in ground"
Strontium,"Strontium, in ground"
Sulfate,"Sulfate, ion"
Sulfosate,trimethylsulfonium N-[(hydroxyphosphinato)methyl]glycine
Sulfur,"Sulfur, in ground"
Sulfur dioxide,Sulfur oxides
Sulfur monoxide,Sulfur oxides
"Suspended solids, unspecified",TSS
TCMTB,"Thiazole, 2-(thiocyanatemethylthio)benzo-"
TCMTB,Thiocyanic acid (2-benzothiazolylthio)methyl ester
"TERPENE HYDROCARBONS, N.O.S.",Terpenes
Talc,"Talc, in ground"
Tantalum,"Tantalum, in ground"
Tellurium,"Tellurium, in ground"
Terbium,"Terbium, in ground"
Terpenes,TERPINOLENE 22
Tetramethyl ammonium hydroxide,TMAH
Thallium,"Thallium, in ground"
Thiophanat-methyl,Thiophanate-methyl
Thorium,"Thorium, in ground"
Thulium,"Thulium, in ground"
"TiO2, 54% in ilmenite, 18% in crude ore","TiO2, 54% in ilmenite, 18% in crude ore, in ground"
"TiO2, 54% in ilmenite, 2.6% in crude ore","TiO2, 54% in ilmenite, 2.6% in crude ore, in ground"
"TiO2, 95% in rutile, 0.40% in crude ore","TiO2, 95% in rutile, 0.40% in crude ore, in ground"
Tin,"Tin, in ground"
Tin,"Tin, ion"
Titanium,"Titanium, in ground"
Titanium,"Titanium, ion"
"Toluene, 2-chloro","Toluene, 2-chloro-"
Tri-allate,Triallate
Tungsten,"Tungsten, in ground"
Ulexite,"Ulexite, in ground"
Uranium,"Uranium, in ground"
Vanadium,"Vanadium, in ground"
Vanadium,"Vanadium, ion"
Vermiculite,"Vermiculite, in ground"
"Water, well","Water, well, in ground"
Ytterbium,"Ytterbium, in ground"
Yttrium,"Yttrium, in ground"
Zinc,"Zinc, in ground"
Zinc,"Zinc, ion"
"Zinc, Zn 3.1%, in mixed ore","Zinc, Zn 3.1%, in mixed ore, in ground"
Zircat,"Zirconium, 50% in zircon, 0.39% in crude ore, in ground"
Zirconium,"Zirconium, in ground"
"acetic acid methyl ester, methyl ethanoate",Methyl acetate
"alpha,alpha,alpha,-trifluoro-2,6-dinitro-N,N-dipropyl-p-toluidine",Trifluralin
"alpha-cyano-3-phenoxybenzyl 2,2,3,3-tetramethylcyclopropanecarboxylate",Fenpropathrin
"aminic acid, formylic acid, hydrogen carboxylic acid, methanoic acid",Formic acid
"aminobenzene, benzenamine, phenylamine",Aniline
antimony sulfide,"Stibnite, in ground"
benzo[def]phenanthrene,Pyrene
"bicyclo(4.4.0)deca-1,3,5,7,9-pentene",Naphtalene
bis(2-ethylhexyl) Phtalat,"Phthalate, dioctyl-"
"bis(4-fluorophenyl)(methyl)(1H-1,2,4-triazol-1-ylmethyl)silane",Flusilazole
"butyl 2,3-dihydro-2,2-dimethylbenzofuran-7-yl N,N′-dimethyl-N,N′-thiodicarbamate",Furathiocarb
butyl-(R)-2-[4-(5-trifluormethyl-2-pyridyloxy)phenoxy]propionat,Fluazifop-P-butyl
calcium 3-oxido-5-oxo-4-propionylcyclohex-3-enecarboxylate,Prohexadione-calcium
"chloramide, monochloramine",Chloramine
dichlormethan,"Methane, dichloro-, HCC-30"
"diethyl (RS)-1-(2,4-dichlorophenyl)-5-methyl-2-pyrazoline-3,5-dicarboxylate",Mefenpyr-diethyl
dimethyl (E)-1-methyl-2-(methylcarbamoyl)vinyl phosphate,Monocrotophos
"dimethyl 4,4′-(o-phenylene)bis(3-thioallophanate)",Thiophanat-methyl
"ethyl 4-cyclopropyl(hydroxy)methylene-3,5-dioxocyclohexanecarboxylate",Trinexapac-ethyl
hydrogen phosphide,Phosphine
karbofos,Malathion
maleic acid hydrazide,Maleic hydrazide
massive talc,"Steatite, in ground"
methyl 3-(3-methylcarbaniloyloxy)carbanilate,Phenmedipham
"methyl DL-lactate, 2-mydroxy-propanoic acid methyl ester",Methyl lactate
methyl N-{2-[1-(4-chlorophenyl)pyrazol-3-yloxymethyl]phenyl}(N-methoxy)carbamate,Pyraclostrobin
methyl N-{2-[1-(4-chlorophenyl)pyrazol-3-yloxymethyl]phenyl}(N-methoxy)carbamate,Pyraclostrobin (prop)
nicht für Gesamtvolumen des Stollens,"Volume occupied, final repository for low-active radioactive waste"
nicht für Gesamtvolumen des Stollens,"Volume occupied, final repository for radioactive waste"
nicht für Gesamtvolumen des Stollens,"Volume occupied, underground deposit"
"o-Mononitrotoluene, o-methylnitrobenzene, 2-nitrotoluene, ONT",o-Nitrotoluene
p-Xylene,Xylene
polfoschlor,Trichlorfon
"propan-1-ol, 1-propanol, propyl alcohol, n-propanol, n-propyl alcohol",Propanol
"propanoic acid, ethanecarboxylic acid",Propionic acid
sethodydim,Sethoxydim
"sulfan, sulphuric anhydride",Sulfur trioxide
tetramethylthiuram disulfide,Thiram
tribenuron,Tribenuron-methyl
